{
	"axis_max" : 0.67366808652877808,
	"axis_min" : -0.67366808652877808,
	"bounding_polygon" : 
	[
		[ -2.425525092347173, -3.9770651802153818, 0.0 ],
		[ -2.5596224745592209, -3.6317266487718536, 0.0 ],
		[ -2.1519189106157253, -3.4687628059473852, 0.0 ],
		[ -1.7733134030726792, -3.2511137458496835, 0.0 ],
		[ -1.3435262189490045, -2.916631314324837, 0.0 ],
		[ -0.98728008548389123, -2.5737815930093939, 0.0 ],
		[ -0.67479684022249864, -2.1527439592736384, 0.0 ],
		[ -0.33418611407668808, -1.5127117738302136, 0.0 ],
		[ -0.12158476274702501, -0.78426417083316147, 0.0 ],
		[ -0.030673171631516727, -0.21664443719331183, 0.0 ],
		[ -0.020063386842916531, 0.44102668074122131, 0.0 ],
		[ -0.013854138970077035, 0.95278108607337475, 0.0 ],
		[ -0.012754965195161949, 1.3970456568316607, 0.0 ],
		[ -0.011604286946642395, 1.4861779712098893, 0.0 ],
		[ 0.070079804834878301, 1.4929387282725075, 0.0 ],
		[ 0.29863646407325972, 1.3230855403262642, 0.0 ],
		[ 0.45809675626050073, 1.0031172778758044, 0.0 ],
		[ 0.56642687634071764, 0.21118338761813993, 0.0 ],
		[ 0.45978071077479776, -0.98013093956437813, 0.0 ],
		[ -0.10250819442994996, -2.343724903291494, 0.0 ],
		[ -0.69396137607263875, -3.1960350343995891, 0.0 ],
		[ -1.4674216844949326, -3.9152551457157472, 0.0 ],
		[ -2.0496547245855772, -4.1559731207637443, 0.0 ],
		[ -2.4357673138888538, -3.9598453109145186, 0.0 ]
	],
	"class_name" : "SelectionPolygonVolume",
	"orthogonal_axis" : "Z",
	"version_major" : 1,
	"version_minor" : 0
}